{
  "project_info": {
    "project_number": "445981549745",
    "firebase_url": "https://my-expense-d5afe.firebaseio.com",
    "project_id": "my-expense-d5afe",
    "storage_bucket": "my-expense-d5afe.appspot.com"
  },
  "client": [
    {
      "client_info": {
        "mobilesdk_app_id": "1:445981549745:android:ffa889e60c64c6e7df6e90",
        "android_client_info": {
          "package_name": "com.internshala.myexpense"
        }
      },
      "oauth_client": [
        {
          "client_id": "445981549745-ln7kddf50h5g2ug9u3t5io69noq9g317.apps.googleusercontent.com",
          "client_type": 3
        }
      ],
      "api_key": [
        {
          "current_key": "AIzaSyDCcIWV3Vl-mGi-Oa7HltofcRehoToqTGA"
        }
      ],
      "services": {
        "appinvite_service": {
          "other_platform_oauth_client": [
            {
              "client_id": "445981549745-ln7kddf50h5g2ug9u3t5io69noq9g317.apps.googleusercontent.com",
              "client_type": 3
            }
          ]
        }
      }
    }
  ],
  "configuration_version": "1"
}